,layer1
0,0.04422369584875802
1,-0.016590950733488506
2,0.06313986372125936
3,0.11555348130233845
4,-0.0367490396384622
5,0.04735508515908956
6,0.12606758962644032
7,0.002969832231048785
8,0.14623879466832787
9,-0.04857120107448925
10,0.026726976587424456
11,0.05262092633546814
12,0.11388746317239011
13,0.07800196483472609
14,0.00627243561576904
15,-0.01072599152031318
16,0.01700545138050996
17,0.02792766972168108
18,0.09312955705359337
19,0.18131303309307253
20,0.01448335863756238
21,0.029524550119236628
22,-0.15576993830960978
23,0.10446360005892301
24,-0.014517177078807949
25,0.04548330646870264
26,0.032456460777671184
27,0.048349450412077215
28,0.05748152605917946
29,-0.01658057661195695
30,-0.017944029127840086
31,0.19126555249031857
32,-0.049616733944401165
33,-0.01830564790233989
34,0.10459427367798171
35,0.0553274213343148
36,0.05984342091220701
37,-0.013823814287030363
38,0.007181087749170362
39,0.053974058229446356
40,-0.003991572354342988
41,-0.043661790343005866
42,0.1400818966791468
43,-0.246700891742196
44,0.042474064236601466
45,0.07751911906640192
46,0.008823718912769977
47,-0.0281243999836356
48,0.04954205200332639
49,0.09354683100013035
50,0.015114430386910419
51,-0.04930438324213004
52,0.018824685667539445
53,0.28877964428888864
54,0.050474312573557105
55,-0.16741455042026804
56,0.16068933233666746
57,0.03398054318671426
58,-0.26531404232556205
59,0.1759372229922488
60,0.045626861784754724
61,-0.015607264642369504
62,0.06596130158997124
63,0.011760271800104166
64,-0.03210336047654596
65,0.02104424291601734
66,-0.01189267781155493
67,-0.08534681857929444
68,0.033593079624940424
69,0.05021455315465255
70,0.04473444788023105
71,-0.030756520344734004
72,0.19170411421378794
73,0.02142158137121179
74,-0.01389617347724291
75,0.1639571777730448
76,-0.06314429193151119
77,0.030860954293168836
78,-0.02715710221478316
79,0.010084215778633871
80,-0.10055101896348216
81,0.13268988214899266
82,0.04304401626636848
83,0.10731176314195004
84,-0.09011924002965596
85,0.05592460194844871
86,0.15975875652938876
87,0.014714896154078212
88,-0.004834318657811324
89,0.0719504576238014
90,0.04356719081324973
91,-0.01190749329064446
92,0.11050297678585864
93,-0.009619785494612123
94,0.16016521987148793
95,0.1292565776297019
96,-0.11988028156044217
97,0.024476709998660705
98,-0.10297338905144897
99,0.044743465442388754
100,0.13628255649749835
101,-0.04540149632319295
102,-0.06318710927435332
103,-0.142505737475219
104,-0.011241843586857555
105,-0.04710425948787793
106,-0.10608227522474885
107,0.1610754166642557
108,0.06704392705818324
109,0.008711899537562417
110,-0.01963825475350349
111,0.032421952756988275
112,-0.08057300780373867
113,-0.0027437356713629507
114,0.003972366098193216
115,0.03268167924164896
116,-0.2671352506931658
117,-0.000819674778704506
118,0.22011521898217168
119,-0.0037656123981261056
120,-0.02574312295604062
121,0.07988531196867127
122,0.11651580284876574
123,0.036456862400302575
124,0.0012239979237985874
125,0.04219354805588936
126,0.027501488474260136
127,-0.09511121228327643
