,0,1,2,3,4,5,6,7,8,9,10,11,12,13,14,15,16,17,18,19,20,21,22,23,24,25,26,27,28,29,30,31,32,33,34,35,36,37,38,39,40,41,42,43,44,45,46,47,48,49,50,51,52,53,54,55,56,57,58,59,60,61,62,63,64,65,66,67,68,69,70,71,72,73,74,75,76,77,78,79,80,81,82,83,84,85,86,87,88,89,90,91,92,93,94,95,96,97,98,99,100,101,102,103,104,105,106,107,108,109,110,111,112,113,114,115,116,117,118,119,120,121,122,123,124,125,126,127
0,0.20972286859915776,0.10397437637072124,0.05761679342857274,0.06485092666156261,0.5142740832863676,0.32905450660907104,0.30932719048693236,-0.3691790490612568,-0.06388232762161793,0.4605942159763147,0.21141082741086778,0.38678153718535346,0.0058739620771875315,-0.08228206723868295,-0.12241356549054735,-0.06805557492274646,-0.18590299357251922,0.15583569860999322,0.1888990480676831,0.020089927796101113,0.24304392008200915,0.15004141324815082,-0.22556721277107714,-0.14999678541667516,-0.08440625290334274,-0.3349868903019791,0.2823288092184717,0.09147039125113328,-0.5844364448118262,-0.016200631930262308,-0.12135129937806012,-0.11189512782056597,-0.5043258809306138,-0.09482393789222744,0.17497041275898395,0.6513991439210803,-0.06889080948238045,-0.3543120834818636,-0.3132453827052555,-0.43960262076942574,0.12600850720961054,-0.2009769430451163,0.20005284471025192,0.022070009775691447,0.2524159016118353,-0.14794700339185787,0.025076784918604697,-0.20593965993221552,-0.2705723367438226,0.3171078892037521,-0.021172393138487126,-0.07416904422020362,-0.07763580837088668,-0.286313332553278,-0.6359368392776273,0.24406141004419601,-0.22173526057403867,-0.4554166632007035,-0.25867697521480276,-0.28603066551635925,-0.06419012245829314,0.02409284326705009,0.24461240008535637,-0.6012220585920792,0.08175992105740597,-0.20674176748631373,-0.038309104236693,0.10829963209023694,-0.4588605191229653,0.17307336763777018,0.16486563573912882,0.21057118262481517,0.17075871969327092,-0.018097253644840033,0.07004889434297533,0.4537359901337555,0.21200675213455905,0.08588894482303572,0.09227706604706219,0.05618526323921715,-0.11357777740848421,-0.32711517199966295,-0.19989083193365406,0.04018339357448125,0.3312940999253888,0.04399888686832715,-0.5899297114695233,-0.5057674158390301,0.16305116636633837,-0.021461424511825675,-0.26697310327533247,0.07808093804800338,0.1370883671162004,0.2247190055852202,-0.512872399936002,-0.37782385947273756,0.7487097848043878,0.46298148827374913,-0.14887374595719197,0.12773782839869857,0.47851701945088004,-0.017729360449873267,0.10948226319178123,0.6194855022762494,0.34303199355198133,-0.1491760774354979,0.37765191080817617,-0.33271658756851763,-0.5387674106271622,-0.05926877530669174,0.6105346371799417,0.18171321860723352,0.08250697213061929,-0.009153903843319587,0.25316386999139073,-0.2478532662432259,-0.5189260153310319,0.029857213386306664,-0.6019822709996546,0.07016363191087258,-0.22355522360753843,-0.3703027268579,0.022823852739667343,-0.5148881740758143,-0.3891958629686264,0.30668680195892895,0.5242440315000574,0.1769658647154598
1,0.6121506183861357,-0.011948029581879753,-0.05700099988132718,0.06621320568016587,-0.02956248037561249,0.2760665547036939,-0.3460489417629631,-0.3245081907546574,-0.32638913640660255,-0.4661222343888264,0.3683951057058741,-0.5115628827651842,0.18670693301687175,0.3450213623810535,-0.27121087309381803,-0.0782600665958108,0.38529596510954056,0.20994143987627673,-0.3140986389261186,0.20388502920661347,-0.447614778874703,-0.2645099405055522,0.02614081027966773,0.08617189545093398,-0.297828796042548,0.23116334160771965,-0.36980931018166313,-0.17468981012825932,-0.23018074285604517,0.0354332436796649,0.12045074047905385,-0.19124321107127337,0.2836596565240666,-0.009801851442852463,-0.007143488130233678,-0.15476610742770108,-0.5498677199346345,0.23768321941071166,0.2910213605857606,0.40037954041745105,-0.024986673029160234,0.36513223662568645,-0.019612887520287222,0.3410684207246282,0.36015769040176443,-0.2367301265277337,-0.20745433103009533,-0.024289684201800325,-0.09971125242599109,0.1992969619823794,0.06339046735503562,-0.04123706768508647,0.19598538044027913,0.4759123469193732,0.30358771128384504,-0.2818087919927973,-0.40042031152642893,-0.09527220742723558,-0.07876672126120886,0.08340539284959268,-0.5583724715517971,-0.5103254525433478,0.16507443597789603,0.7061000584671633,0.31658967705634705,0.2994911526829528,0.17195394093980756,-0.25922782398346755,0.36446784062262794,-0.05853616066198293,0.3538486585506836,0.29003095899294223,0.4286644874135704,-0.12726926799257904,0.05826547162366596,-0.5217115389555558,0.8354837915762319,0.17412589245264434,0.17783440511679957,-0.19331039721753776,-0.22708379589981822,-0.289647137948677,-0.010477071460455806,0.34876872786213853,-0.049528983549012015,-0.10446420018521296,-0.07326966537354847,0.6522691214819533,-0.2923043550635607,-0.18590029595916324,-0.10596214846514185,-0.2999890120110009,-0.21456127026174118,0.011358482151416882,0.22826894557069666,0.04825776921131585,0.5055724213108416,-0.05946084077719861,0.0900165531484495,-0.33536839881395225,-0.5378416747187473,-0.5709978122409078,-0.07879268593683379,-0.1181131010791145,-0.19259954276972344,-0.01822750033384594,-0.14741170323915706,-0.18501207910479334,0.4667889086681964,0.3197557423090385,0.41119537762435454,-0.3844667707148454,0.39418671362382285,-0.14573952556265699,0.21130206436226953,0.55607461012833,0.12915948871944802,0.05691641019567669,-0.1782279048449185,0.027893216934734927,0.4655905325274461,-0.21718150142833947,0.06615740703043274,0.25976820270768264,0.7750308042612597,0.2629133151641846,-0.6034225933682923,-0.06567492216342373
2,-0.5276597370229428,0.04412512199553527,0.6557620261103496,0.40990914274847384,0.5385047830937681,-0.016947889017925676,-0.11398522067397024,0.10165928752731795,-0.19365803149166191,0.5336352915695526,0.4334280321704578,0.4325582107250015,0.8272471704253088,-0.3519781391854319,-0.02348229845982596,-0.011214820811597234,0.038175878271917506,-0.07893163834111414,0.45324579442218893,0.04518770356043904,-0.06728461578494031,0.5191762352938375,0.05707846759619181,-0.018131310321093386,-0.218984274333315,0.6504792366126092,0.659728859270641,0.13506475353210262,-0.04870702730073491,-0.2022131479992423,0.21862738262742057,0.5790961260035853,-0.0515314489035312,0.5393571515109679,0.4526905024464836,0.48654508859347384,-0.7816008207448301,0.1223676156745221,0.38355049086770576,-0.13175066594536466,0.01682728815672037,-0.2699099381589451,-1.4271669153757305,0.47914983802904065,-0.8318556092645235,-0.2110119497162531,0.08990560895821932,-0.5229185429929097,0.5538465802400909,0.2566748485888456,0.09745727171111826,-0.018180014080395646,-0.2577527048525137,-0.6716135895650084,0.6128692217729117,-0.15399396961573475,-0.09749179737902347,0.5774617802489279,0.45330850504740033,-0.3122536487329591,-0.10300027396032656,0.7096608785134472,0.249092836070957,-0.6648920299163925,-0.03195011064684308,0.3129187069428936,-0.294615833159979,-0.026916190658704587,0.16888827600274187,-0.1781487099387609,0.08041490854483997,-0.021208970956382602,-0.5766164250548814,0.17125415979947856,0.021916391620470745,-0.34090286456731067,0.002100660293813441,0.05229770479079069,0.4166806638854487,-0.29326898207877167,-0.30928819752539083,0.4962974149551589,-0.1738412409261224,-0.25221889128619834,-0.35560332567836117,0.026576455230359855,0.058848888916964,0.509537168725862,-0.0016932958341983491,0.26496272308170465,0.6886338866406161,0.16976996870314529,0.3323447594075595,0.24839734816461928,0.09886795864983208,-0.0070845386992105935,0.43176198091439033,-0.27203258697614263,-0.3490105076701771,-0.8107535462999937,-0.014339312715943204,-0.14157606220377766,0.04249271182998952,0.37057125888048464,-0.2562416207145787,-0.0612655921141352,0.4959349401336173,-0.3106582336584249,-0.010856472703941186,0.42615709990658346,0.45365382642673907,0.1627983321914686,-0.050183777474799976,0.09999757500016196,0.1789608680506063,-0.08648053167212287,0.17970751444515,-0.15485324289086172,-0.053414811086641804,0.039288113949751055,-0.2559669785938867,-0.8139436446897504,-0.07396528605477329,0.12907206398247587,-0.09120670291194502,-0.300012176841733,-0.4560501849566386,0.36572526897003094
3,-0.5088355675675829,0.0919702150547118,0.06588878160254785,-0.2772668635678319,-0.2582993019975634,0.24519339069768376,-0.599176630794436,0.06184642446577308,-0.06087964255034997,-0.043373382208678264,-0.7147669418496305,-0.3045573160276882,-0.0545700610943064,0.175529928723446,0.0729400208483904,0.4026021476660037,-0.6162220447889717,0.45187740739617843,-0.12068882887989053,-0.32380669148400976,-0.20016711349587374,-0.12427347220291539,0.7468982199249583,0.06108122160455858,0.2205915894308249,-0.7952951962778421,0.6301632912684848,-0.06645422624864304,0.46868785832323706,-0.05694885503676856,0.01728788806338501,-0.21147726570346514,-0.39066870962402933,0.09661690539563131,0.021862600406360743,-0.16101249046427527,-0.667796422573631,-0.21516505301248323,0.46370673328185663,0.38837582888588995,-0.006538437070920349,0.010462239051706488,0.38554611785801896,0.6696783496651876,-0.1389928853919629,-0.2683852251728021,0.18303029627002637,0.7920140835848195,1.1167399315145121,0.049442067294683915,0.126923399839852,0.2889764702489815,0.13627085592927893,0.130164169748278,-0.3283819287932091,0.3910031075342728,-0.1661606396928924,-0.1167521940724632,0.41474299317906527,-0.2855164096258924,0.28274817945886055,0.3558183728193768,-0.22308129700514534,0.316300065790737,0.24878098645232724,-0.14402053964487876,0.37452715278032295,-0.12483957148683884,0.32077464774330267,0.08337227992589187,0.17011052261034204,0.11981359658261205,-0.3869399165945244,0.09305447953755532,0.33406100933134875,-0.18914486500121697,-0.8822409629652065,-0.0036504178141053335,-0.15128254600037538,-0.6466018634308679,0.7478476474039639,-0.19971139411908403,0.12261270788213446,-0.02058249056390046,-0.4824048932311422,0.4791977177959474,0.051305730615815844,0.36266165889503504,0.2127318196507753,0.07490526488380891,0.009630646303666734,0.1238692286985481,-0.46350191392626044,-0.351853687895893,-0.7545739635450759,-0.24905809457345454,-0.06659491731687885,-0.1943749011333844,0.6855100474617352,-0.14224808447951567,-0.31926236444931094,0.4373756881774254,0.6397133884689669,0.14000820810409922,0.06431999176021246,-0.06734156979058048,0.4647388465743663,-0.6596525886808816,-0.6982081977069405,0.4410235920732973,-0.5465192263469669,0.3718770107750809,0.3550650319846627,0.16896049328052432,0.0495406618714208,0.019839516513785623,0.6221450169899041,-0.4050914971847313,0.11649305204276017,0.0797570227719309,0.20450825456905453,0.30008357238650685,-0.4875085244214944,0.655259921801745,-0.019156817981143385,-0.3961829351180449,0.49063978613649145,-0.4515821568972518
4,0.1635406342444991,0.040450962689887765,0.3169827926116972,-0.2501980876789644,0.5803015726608078,-0.43848349542472,0.28966880318795535,0.22392361913134723,0.23821838395932293,-0.7964365323230046,-0.48542403235217374,-0.08070462342239934,0.3029972573171822,0.2340939748440437,0.07538273506173927,0.025370096958022188,0.44604055837242834,0.3765322087134744,-0.11959253387607312,0.43329209987341555,0.20805484769812493,0.1362507541532801,0.010143956577195655,0.07068042972286974,0.3618402340458834,0.18961271253694345,0.09517639547869373,-0.14082422868562328,0.2115303648844761,0.7897172335182971,0.18171805347179393,-0.004008328415433215,-0.04559635687847442,-0.8052452277424142,-0.06110865487761876,-0.7180758829614721,0.4016002846892608,0.044771300781113035,0.43110199525419707,0.011389943097192488,0.03388859118997665,-0.021743161741179455,-0.07736495978858467,0.3687570468009516,-0.4020093787379507,0.10825165012630963,-0.005975720590120435,-0.5485618092427458,-0.752601289248214,-0.4257087466836117,-0.03488466652261952,-0.5745922545169161,0.5399387970276631,0.25093207629091113,0.261483284548308,0.19579616439911265,0.12792991673360388,-0.16285611813694278,0.0817387546334833,-0.6634447898447274,0.2935633743091193,-1.0244927234695327,-0.08280453565740903,0.01594811202133856,0.7671703517298613,0.0020286977583986224,0.2215003295822093,0.744498547291237,0.13782905148300187,-0.055526142503198594,0.03268753648194436,0.31492488962438625,0.1432810189251378,0.10828347097483884,-0.18536051746079868,-0.930196567179784,0.23035164259346821,0.10619101900602097,-0.011961634750066804,0.30589467613847815,-0.36906795747173327,-0.8032026847764843,-0.13998067687841834,-0.5495756184188423,0.19902683434130342,-0.06773653882514943,0.22362179102133495,-0.7004037508129959,-0.006647401806270017,-0.022943775062197257,0.07401116556682595,-0.00028736751435677203,0.24146268498758242,0.46761110220256696,0.06389435877602748,-0.24919747963898523,-0.1446683755082161,-0.4056263783469127,-0.41253930929989807,-0.05037117936886551,0.5243328936605987,0.07617522354197817,0.18079558468563275,-0.2416890803267323,0.10023462379225748,-0.8395487733951936,-0.9209731633343733,0.5222416265282737,0.5696225413451762,0.2838652240485449,0.2882704006572982,-0.45207476754723247,-0.29647781803332746,0.2176636926742954,-0.24125169792427684,0.5846273919714634,-0.497554076749466,-0.2186899248364662,-0.43506682288002596,0.15446871320456956,0.4818945878008117,0.25252182385993294,-0.15653309626234646,-0.008357092427124667,0.6066099650216072,0.18528444531623067,0.09448575118894328,0.1489013485047488
5,-0.35957506103457487,-0.23188588758435189,0.14137750797509732,-0.11071137038787912,-0.032181301483351826,-0.15863091722914252,-0.04793364396783252,-0.46694504159883105,0.36228209097735975,-0.24270660512428968,-0.17984481432777968,0.07476272517027886,-0.052139139947239885,-0.1018238812782235,-0.2880112427850998,-0.08578925959190645,-0.1710854376075351,-0.4442810214010155,0.21517888187858644,0.34887164298637224,0.01482900000801289,-0.5989221717431924,-0.8970808465942371,0.22709869631713853,-0.12595957176299238,0.0164715159083246,0.5009110460948137,-0.6435452251369124,0.40385721377618033,-0.4131789039202034,-0.4495176320333936,0.6407929734815023,0.31394499941683457,0.4254422688625801,0.18951208927735008,0.1607626192728666,0.7612646645329816,-0.11764104158162936,-0.2709201834219598,0.09552572961597557,-0.1390223866705191,0.7622378043798679,0.315288064551253,-0.7662868942527635,0.28270967663746976,-0.2842873642777449,0.05954625972531234,0.440654154101736,-0.17581134827811604,-0.23122926732720378,-0.133879675817123,0.43773260390842006,-0.3466137856283773,0.4737219958778899,0.2675767230979791,-0.2302757284046446,0.7840950785520131,0.0034046362341642123,0.24412643968079442,0.7989053631156217,0.039864338103045995,-0.02236867096388711,-0.019471751441180997,0.6023877064121236,-0.35435426467660897,-0.5870386259768565,-0.21109996272639447,-0.26353221634504875,-0.5710042390691347,0.3571883513975683,0.3590784861198946,-0.3184608572472414,0.5827085908013808,-0.14170057876003764,-0.057609311455420496,0.44241827349797397,-0.035697655285340774,0.266172030660197,0.47482365323008263,0.35239227230937953,0.980481380589255,0.4769875173697077,-0.13354277689361418,0.08013780747674308,-0.09973629100455875,0.1446981074553302,-0.05819234190001614,-0.038898606338851796,0.10641044352310461,-0.1949679798401151,0.02693238315359748,-0.0009840919919644725,0.1751007033166124,-1.1955450720095218,-0.17174982058499424,0.029395811369843445,-0.4055082356109496,-0.19530229340046337,0.7025106286023991,0.5415227572130108,0.18464200389626248,-0.18021005572293447,-0.580545721259425,-0.842230339536435,-0.09876370212341404,1.0942604695089126,0.06905848144382318,0.2646390719524113,-0.3156475346547723,-0.8569445315029213,-0.9618784665629002,0.08980540950735708,0.35689797463021994,0.043240386159881024,-0.4127398436534539,0.34055386043216423,0.13925623402833176,-0.07485445406141175,0.05818598912522663,-0.12121965164480077,-0.3742626872005209,0.6019242095150774,0.028875361188443412,0.16756661814909588,-0.10131964720354364,-0.07121746577930563,0.3422595686234269,-0.09864239758743852
6,0.4561803942969007,0.050198146760909626,0.19259342507241406,-0.06743883441846411,-0.4381453199829284,0.33441156034680375,0.3250588912617941,-0.3037911817732575,0.10817375704959414,-0.25610983178243313,0.3683607493870792,0.04592607273351818,0.1294165648287807,0.25047455964882326,0.1712537841043983,-0.7522257519233395,-0.14638085238043003,0.4608816604969523,0.7292770436655952,-0.2533112789802667,0.12684044970995945,0.27755452325360985,-0.34860670176367853,-0.091837035911533,-0.6464531446121864,-0.14594750824897293,-0.3997779337260507,0.3587657075386173,-0.6693793441128096,0.29178571449745055,0.526111428870389,-0.5971410817044043,0.3250071839741255,-0.3540007356025212,-0.10139378155060863,0.4113021302471871,0.28900733420617,-0.17712879822551716,-0.2904744973608413,-0.035095748447115195,-0.0038156119252347404,-0.295280760675699,-0.04203327054836903,-0.07484046079674435,0.08487272392776946,0.0008812112969607173,-0.27321419340941216,0.04997264374827167,-0.44858144071780864,-0.022175488190313748,0.0728521516758838,0.5314633221673902,-0.1230155708257758,-0.773436628924807,-0.1502263313816388,0.44564277426470233,-0.25056404801113935,-0.17327826675001204,-0.8216555311065586,-0.1142974837087295,-0.12260680042208866,-0.12661584880132543,0.11579306603046834,0.14575040489627142,0.11753431779493191,-0.05947106523515438,-0.06266897208496938,-0.3975902531124168,-0.543670095879529,-0.20391289544442745,-0.14272807842701046,-0.1084729278774695,0.07534965115181978,-0.04120982613147612,-0.10140475759872469,0.08663336317667003,0.07068952945199372,-0.2404214216816896,-0.20670288665986464,-0.17947073063541663,-0.6309814237802456,0.6436127160835968,-0.1895741611055843,0.47216061755975913,0.2183276819663612,0.11997898945959878,0.4363443283632873,-0.40343615017018614,0.20113964382097013,-0.0098790913157684,-0.3196897555844782,0.1951737965119555,0.14961460130923704,-0.2436106439584608,-0.006066934298847925,0.000429911425979596,-0.3508445317725515,0.16072416740876555,-0.03914102477178964,0.4610974171073043,-0.3362767755626586,-0.1796287734032194,-0.3921025561562305,-0.14430032173309143,-0.40098942280579714,0.4489887097833707,-0.3303858571847753,0.4205468136671196,-0.048005824092393644,-0.006233775047804163,0.03999139541257459,-0.3210367316722357,0.2654822022098434,-0.1295866672563478,-0.09374810451223617,-0.19673871137989848,-0.468162332830338,0.20824566701805444,-0.07605631428244862,-0.16836276534119465,0.24577742166407668,-0.04131053878958863,0.5052502091786644,0.156580696017228,-0.1338624644520864,0.25358103367855706,0.23603452510942194,0.5939721102692833
7,0.22730730498544335,0.04126103452064247,-0.5774531227801654,0.32508596990013544,0.47290075267933673,-0.4112257174980378,0.35049058478043893,0.022896210831860785,-0.2873766926506147,-0.016978915841527865,-0.16458927067624918,-0.0013202895656672642,-0.08301886294754451,-0.4729801044383929,-0.02672354097825638,0.2538912817167897,-0.09180591220499552,0.04332643556922574,0.5847910805764569,-0.187421503748687,-0.4337445995666704,-0.9249176171203329,0.2806975467135115,-0.6102686333681031,-0.01752725408126673,0.2779483133685758,0.288577733496334,0.17167323313402838,-0.25112360938540274,0.29398956690087696,0.2884763997296861,-0.36245155551166214,0.17337713873542066,0.2647341641512227,-0.271880218991386,0.161032316564924,0.10928441515570798,0.5508094180063398,-0.4245406061978249,-0.7278809207921462,0.007288044708820817,-0.05989704971943004,0.07870532197619508,0.13611674521357595,0.1731235815851796,0.07876691099406762,0.006138865553584793,0.3002590080261861,0.7280589150500456,-0.049230527559034176,0.03217394569177474,-0.5997121833078224,-0.25665386815375185,0.27290659579520354,0.5107562453948402,-0.1701550261473149,-0.37826264736960064,0.15805681647578138,0.20507553394442785,0.5052432750525904,0.20042837182723974,0.23293171183889297,-0.7386087658266925,-0.7160139257629867,-0.07263614288038525,-0.2670779616108243,-0.10383065844355562,0.25828433790231026,-0.20339795726645502,-0.5441423057373642,-0.4014956529069929,0.3077531576203899,0.10533075100228426,-0.01629845154800774,0.33201264509087675,0.32435482305692565,0.47795222351452993,-0.3932338276827358,-0.05498993664245394,0.49924394785561926,-0.2324577814778709,0.03737484688813137,0.23958209065694272,-0.4502641419743101,-0.369627185833913,0.32327487261711835,-0.3842888420047666,0.4431650234134057,0.0021718122317351306,-0.4223986887883243,0.41348933067140664,-0.39539415549775425,0.16654708295250537,0.32333361427817564,0.33125204178047146,-0.6269635091538935,0.33956185752659174,-0.4258802232679234,-0.4067405351852462,0.04969985158538503,0.2763179476791408,0.2771921640498969,0.2402890163704549,0.4749193965723448,0.2884832475482745,0.40984154452754773,-0.13832285189509957,-0.17283616588247377,0.8606838036329072,0.37150810741010526,0.4971270671930214,0.1429584948397313,-0.1177899192853477,0.16580271562757865,0.7709212632411095,-0.2411470010102046,1.1560882235151857,-0.22118570471489515,-0.13724513796130117,0.21948713281383186,0.34658630461431555,-0.07521246755085,0.5110662580333999,0.02461197032163424,-0.029040124914866836,-0.024723507526692227,-0.06921980752987042,-0.21360615340791628
8,-0.15845994584824574,0.30277397710877296,-0.2946593314801354,0.6900931355063387,-0.41131220682226305,0.4941189944850443,0.23473700314207008,0.13520292958819147,0.23506157366944186,0.5548082188777361,0.43419412022503956,-0.3421197006870197,-0.292715850314055,0.197816087345505,0.11989010184335716,-0.16558919215079648,0.00838713570281217,-0.23050963011493592,-0.258333026684803,0.4062868315245565,0.020786995834216976,-0.41335939266309657,0.32745713654313247,0.24378035583552948,-0.04330246244844129,-0.2867949467195194,-0.5706184682168033,0.036799151707560845,-0.3453470099322432,-0.26908149348424304,0.1652498306069691,-0.6223666844735952,-0.3624991569987883,0.18976100324497755,0.33247336567187064,-0.4396086509377063,0.20753746898505152,0.2857512601558035,-0.12992365429478425,0.4280096449565178,-0.027087239492644754,-0.03586379107017066,-0.06290820540296757,-0.4992363892304141,-0.5322119998964292,0.41787341516663773,-0.025405407244067157,-0.032800964615219697,-0.6124252808557051,-0.4150447424795468,-0.03472670008940302,-0.07627319287524098,0.009928662102357811,-0.15015973437083374,-0.34644095762519556,-0.40517118422638077,0.6420153486269089,0.5451354388568627,-0.48797983509398607,-0.3806112514531728,0.2013866885916621,-0.019393124831063764,0.3011047409071309,-0.31816210512818965,0.016569056546601145,0.4077763790534861,-0.28326299332918786,-0.05125976467070104,0.1604437627210641,0.4172475401893547,-0.19559945726102831,-0.8219323060058377,0.12126931234438378,-0.0916523729986981,-0.21190503762490998,0.4725337185126722,-0.90448837595418,-0.31221798425182995,0.2823115527699781,-0.5854600089292192,-0.4805749501910819,-0.13949836449622358,0.0005126994275006133,0.2522153498562458,-0.3312810922302325,-0.7622402852178161,0.10654768990398596,-0.07003956112596665,-0.679831208819934,0.3480417129760562,-0.3282137029356435,0.03146210229056388,0.19988578891854777,0.15957699315533247,0.9180845087110016,0.26086024620922255,-0.28093730497859437,0.2730792262520139,-0.5478795373053241,-0.40102411504973884,0.015473072252102288,0.07544159229279429,0.2260498572421304,0.20606518379947106,0.49757238777873986,-0.3153083396525945,0.6238232597716914,0.3473243785481406,0.14923340103636656,-0.06902375953843491,-0.7304933795390232,0.01853082085124434,-0.7332613427892428,0.1415005045775732,0.09595459209029883,-0.10224788593130243,-0.2785566149593519,0.14006541041188622,0.5986168496484552,0.061064038177125454,-0.47620457086745915,0.11629434797455165,-0.5398099502030964,-0.23524760066092887,-0.16942424608403828,0.11411440678358345,-0.0486015631027866,-0.7148864516068886
9,-0.15173883872538993,-0.1270808535960655,-0.42284743665286856,-0.5087927737404185,-0.46141931407984776,-0.4787585129731268,-0.29272118922924234,0.31016927277749073,-0.3079932473211732,0.2617001325661275,-0.0726473964306175,0.3059221274931945,-1.132902977436714,-0.11653767369740482,0.20092149432998888,0.310261941074019,0.41259886069528723,-0.41033946793752324,-0.6572630406740126,-0.6913190532177322,0.10855964449326602,0.37839850906848943,-0.08779679558146444,-0.07728847221801828,0.2460687921353738,0.3921270671660928,-0.07484041805348182,-0.07126342811601709,0.5241725272104991,-0.04390634131641149,-0.6811589861868212,0.6994950210243257,0.0435687387239824,-0.12029387570211202,-0.47734437429823035,-0.47435807682839715,-0.01567237182111517,-0.6613414791954539,0.1342806102020412,0.034296422856882516,0.1419088794744402,0.16203772017770887,0.40451105868766496,-0.21131884852880162,-0.057684976440157604,0.20252804062133611,0.2313870201052199,-0.23346197023466222,0.10555026513177876,0.7154399443647553,0.1140257861437468,0.21797171180927158,0.847675844379825,0.5321415113404477,-0.45946862269961947,0.2288554234218738,0.12911446317048222,-0.3616135285774588,-0.18849642996838012,0.30820059297187097,0.05464674317896583,0.5605947020624806,0.09499435128022267,-0.15877748036300263,-0.6260168163772655,0.2782002560688807,-0.10857137394946957,-0.028882443450646667,0.390769515265584,-0.17442827831397867,0.07335403542818733,0.5507598382716307,-0.18441887332243387,-0.04080832250004591,-0.4306744014059543,0.10634351815883591,-0.49124118947053663,0.18933928080759097,-0.9205016930618655,0.5210406295577438,0.6648211067610563,-0.10234887509737552,0.22625679374048188,0.2600870575750221,0.9766698175007181,0.14858502685793465,-0.22243977254825043,0.12099927440711117,-0.02047367414905544,-0.1676160181702124,-0.5342162977001136,-0.09521872055327454,-0.6016025126931625,0.4111036460091666,-0.5863801515937842,0.5846728127574046,-0.5505013275495224,0.322628744270103,0.2880218557363859,-0.12370640654321367,0.033858105039273424,0.3610556658229498,-0.38862259322438775,0.369349859109037,0.09430525369809041,-0.31868854757302967,0.16022261592709378,0.06113037032958409,0.12953250697745924,-0.24554802522249491,0.48402036245827923,-0.17761134763621186,-0.11129561083739378,0.02717054476442421,-0.6797503991277478,-0.29458615065608773,-0.9264172836597822,-0.30260421253009684,0.5625602868026139,-0.2901562341222401,-0.4467941124605042,0.016990670527650697,-0.060765344650605756,-0.207777994360901,-0.700959857223039,0.04440268578063764,-0.3588937632695797,-0.4677738607583157
